filename,width,height,class,xmin,ymin,xmax,ymax
agespot_025.jpg,128,128,agespot,45,48,95,91
flakyskin_041.jpg,128,128,flaky,8,17,98,128
val_acne_002.jpg,128,128,acne,52,52,100,97
val_acne_010.jpg,128,128,acne,40,78,74,109
agespot_060.jpg,128,128,agespot,34,25,92,86
flakyskin_048.jpg,128,128,flaky,1,44,83,96
agespot_017.jpg,128,128,agespot,48,82,59,95
acne_020.jpg,128,128,acne,82,22,93,35
agespot_020.jpg,128,128,agespot,69,91,80,102
reddish_051.jpg,128,128,reddish,64,22,113,70
val_flakyskin_010.jpg,128,128,flaky,49,28,127,112
acne_007.jpg,128,128,acne,51,71,65,85
reddish_027.jpg,128,128,reddish,43,61,119,128
acne_039.jpg,128,128,acne,25,88,40,104
reddish_014.jpg,128,128,reddish,14,17,74,65
acne_038.jpg,128,128,acne,31,38,49,52
flakyskin_025.jpg,128,128,flaky,43,20,106,128
acne_064.jpg,128,128,acne,73,51,85,63
acne_065.jpg,128,128,acne,79,72,95,85
agespot_005.jpg,128,128,agespot,29,43,71,75
agespot_004.jpg,128,128,agespot,56,56,86,91
acne_062.jpg,128,128,acne,38,87,54,102
reddish_034.jpg,128,128,reddish,91,47,128,111
acne_035.jpg,128,128,acne,80,51,93,67
acne_013.jpg,128,128,acne,69,52,79,63
agespot_012.jpg,128,128,agespot,48,79,76,109
reddish_037.jpg,128,128,reddish,10,39,102,128
acne_060.jpg,128,128,acne,44,17,62,36
acne_069.jpg,128,128,acne,33,30,54,50
acne_033.jpg,128,128,acne,107,40,120,53
agespot_017.jpg,128,128,agespot,43,67,55,79
agespot_002.jpg,128,128,agespot,39,74,65,98
acne_012.jpg,128,128,acne,14,67,29,83
reddish_046.jpg,128,128,reddish,22,24,113,122
flakyskin_005.jpg,128,128,flaky,1,1,88,44
acne_047.jpg,128,128,acne,67,39,85,54
acne_045.jpg,128,128,acne,78,50,95,70
reddish_042.jpg,128,128,reddish,18,1,128,103
agespot_018.jpg,128,128,agespot,69,97,92,117
agespot_047.jpg,128,128,agespot,59,26,107,74
acne_042.jpg,128,128,acne,40,118,54,128
flakyskin_035.jpg,128,128,flaky,13,8,72,114
agespot_074.jpg,128,128,agespot,11,26,51,78
acne_047.jpg,128,128,acne,45,80,61,95
agespot_068.jpg,128,128,agespot,45,37,83,70
acne_013.jpg,128,128,acne,104,102,114,112
acne_048.jpg,128,128,acne,75,95,88,110
reddish_020.jpg,128,128,reddish,65,58,110,101
acne_039.jpg,128,128,acne,10,56,20,67
acne_070.jpg,128,128,acne,52,14,77,42
acne_062.jpg,128,128,acne,118,99,128,122
agespot_012.jpg,128,128,agespot,18,3,42,29
agespot_020.jpg,128,128,agespot,60,98,71,108
acne_046.jpg,128,128,acne,21,82,33,94
reddish_004.jpg,128,128,reddish,15,44,51,81
flakyskin_029.jpg,128,128,flaky,57,100,103,128
acne_054.jpg,128,128,acne,101,70,119,91
agespot_044.jpg,128,128,agespot,93,73,113,96
flakyskin_044.jpg,128,128,agespot,101,37,128,85
reddish_053.jpg,128,128,acne,73,51,89,67
agespot_030.jpg,128,128,agespot,70,83,98,119
agespot_006.jpg,128,128,agespot,33,14,88,46
val_agespot_002.jpg,128,128,agespot,109,96,122,115
agespot_020.jpg,128,128,agespot,33,66,51,83
reddish_021.jpg,128,128,reddish,15,44,117,113
agespot_011.jpg,128,128,agespot,8,19,58,67
acne_012.jpg,128,128,acne,5,4,35,33
flakyskin_031.jpg,128,128,flaky,15,28,111,128
acne_073.jpg,128,128,acne,60,79,89,106
acne_033.jpg,128,128,acne,62,51,83,72
acne_011.jpg,128,128,acne,46,96,66,116
acne_046.jpg,128,128,acne,15,79,25,90
val_agespot_001.jpg,128,128,agespot,46,50,92,91
val_acne_004.jpg,128,128,acne,56,57,92,88
acne_037.jpg,128,128,acne,88,47,99,58
acne_044.jpg,128,128,acne,37,68,56,85
val_flakyskin_003.jpg,128,128,flaky,23,25,128,91
acne_023.jpg,128,128,acne,25,52,37,65
agespot_039.jpg,128,128,agespot,79,19,114,52
agespot_036.jpg,128,128,agespot,29,19,62,48
acne_048.jpg,128,128,acne,64,20,78,34
agespot_051.jpg,128,128,agespot,79,19,97,32
acne_012.jpg,128,128,acne,12,33,31,52
acne_003.jpg,128,128,acne,67,77,83,89
val_flakyskin_009.jpg,128,128,flaky,16,15,124,113
val_acne_009.jpg,128,128,acne,85,90,113,114
reddish_031.jpg,128,128,reddish,48,17,128,128
acne_047.jpg,128,128,acne,51,104,66,118
flakyskin_013.jpg,128,128,flaky,70,19,128,84
acne_062.jpg,128,128,acne,88,117,106,128
acne_032.jpg,128,128,acne,33,80,56,103
flakyskin_034.jpg,128,128,flaky,1,49,121,117
acne_004.jpg,128,128,acne,68,99,79,112
reddish_005.jpg,128,128,reddish,81,104,125,127
reddish_039.jpg,128,128,reddish,58,52,109,114
acne_007.jpg,128,128,acne,52,7,65,19
acne_028.jpg,128,128,acne,23,45,44,66
flakyskin_010.jpg,128,128,flaky,1,1,125,125
flakyskin_037.jpg,128,128,flaky,12,13,128,128
acne_013.jpg,128,128,acne,70,17,84,29
reddish_016.jpg,128,128,reddish,21,35,95,118
agespot_064.jpg,128,128,agespot,32,63,74,97
acne_006.jpg,128,128,acne,91,15,106,29
flakyskin_040.jpg,128,128,flaky,51,4,128,77
agespot_040.jpg,128,128,agespot,28,9,50,29
val_acne_008.jpg,128,128,acne,36,42,74,84
reddish_048.jpg,128,128,reddish,56,39,121,124
agespot_019.jpg,128,128,agespot,15,27,67,67
flakyskin_025.jpg,128,128,flaky,1,86,113,128
acne_004.jpg,128,128,acne,58,73,71,86
reddish_033.jpg,128,128,reddish,9,13,76,76
reddish_025.jpg,128,128,reddish,26,13,74,66
flakyskin_029.jpg,128,128,flaky,4,1,80,40
acne_017.jpg,128,128,acne,2,88,17,101
flakyskin_036.jpg,128,128,flaky,27,7,110,73
reddish_054.jpg,128,128,reddish,37,17,128,91
acne_037.jpg,128,128,acne,63,41,77,54
acne_041.jpg,128,128,acne,81,86,93,98
acne_011.jpg,128,128,acne,13,80,31,97
acne_013.jpg,128,128,acne,91,100,102,115
val_acne_009.jpg,128,128,acne,89,44,115,70
acne_062.jpg,128,128,acne,32,97,45,111
agespot_052.jpg,128,128,agespot,84,48,102,66
acne_006.jpg,128,128,acne,15,68,28,82
acne_013.jpg,128,128,acne,42,82,52,91
flakyskin_013.jpg,128,128,flaky,14,50,104,128
acne_022.jpg,128,128,acne,3,47,16,62
acne_028.jpg,128,128,acne,45,89,63,104
val_acne_001.jpg,128,128,acne,53,55,78,80
acne_065.jpg,128,128,acne,52,18,69,38
flakyskin_047.jpg,128,128,flaky,12,24,84,81
acne_048.jpg,128,128,acne,92,71,104,84
flakyskin_043.jpg,128,128,flaky,1,57,67,128
acne_001.jpg,128,128,acne,52,84,67,98
reddish_054.jpg,128,128,agespot,18,23,32,37
reddish_049.jpg,128,128,reddish,75,17,123,68
acne_013.jpg,128,128,acne,54,73,67,85
val_agespot_007.jpg,128,128,agespot,27,70,71,115
flakyskin_017.jpg,128,128,flaky,1,9,122,83
agespot_014.jpg,128,128,agespot,64,3,123,59
acne_012.jpg,128,128,acne,37,18,58,39
acne_021.jpg,128,128,acne,46,75,72,103
acne_035.jpg,128,128,acne,75,65,87,76
acne_053.jpg,128,128,acne,29,63,48,82
reddish_036.jpg,128,128,reddish,36,6,93,51
acne_024.jpg,128,128,acne,78,83,92,98
agespot_017.jpg,128,128,agespot,41,100,55,115
acne_061.jpg,128,128,acne,39,57,59,74
flakyskin_049.jpg,128,128,flaky,28,54,74,101
reddish_015.jpg,128,128,reddish,24,11,91,95
acne_041.jpg,128,128,acne,81,68,92,81
acne_041.jpg,128,128,acne,38,47,53,62
acne_046.jpg,128,128,acne,33,2,43,14
val_reddish_002.jpg,148,147,reddish,2,32,135,146
acne_063.jpg,128,128,acne,89,113,104,125
acne_014.jpg,128,128,acne,94,59,108,72
agespot_073.jpg,128,128,agespot,36,30,97,93
acne_013.jpg,128,128,acne,47,113,57,123
agespot_066.jpg,128,128,agespot,59,46,93,80
reddish_001.jpg,128,128,reddish,68,48,125,112
acne_015.jpg,128,128,acne,53,62,69,76
acne_046.jpg,128,128,acne,12,21,25,32
reddish_020.jpg,128,128,reddish,6,30,73,98
acne_020.jpg,128,128,acne,84,57,97,71
acne_052.jpg,128,128,acne,51,73,69,93
agespot_007.jpg,128,128,agespot,40,45,68,71
agespot_024.jpg,128,128,agespot,35,36,84,91
acne_006.jpg,128,128,acne,9,118,22,128
acne_044.jpg,128,128,acne,53,45,71,63
acne_061.jpg,128,128,acne,84,77,98,90
flakyskin_009.jpg,128,128,flaky,1,5,100,128
flakyskin_002.jpg,128,128,flaky,1,57,33,112
val_acne_006.jpg,128,128,acne,77,42,113,74
agespot_057.jpg,128,128,agespot,48,6,87,45
reddish_004.jpg,128,128,reddish,32,20,87,66
val_flakyskin_001.jpg,128,128,flaky,18,1,111,128
reddish_020.jpg,128,128,reddish,1,55,26,111
acne_012.jpg,128,128,acne,111,98,120,110
agespot_075.jpg,128,128,agespot,23,83,44,105
val_reddish_007.jpg,128,128,reddish,46,13,106,84
agespot_051.jpg,128,128,agespot,66,49,89,76
acne_055.jpg,128,128,acne,88,84,103,100
acne_002.jpg,128,128,acne,102,22,113,35
acne_035.jpg,128,128,acne,85,89,98,101
reddish_052.jpg,128,128,reddish,30,27,121,128
agespot_052.jpg,128,128,agespot,14,9,37,32
agespot_016.jpg,128,128,agespot,46,24,65,42
acne_060.jpg,128,128,acne,40,50,63,76
acne_013.jpg,128,128,acne,83,81,96,92
reddish_009.jpg,128,128,reddish,56,76,89,113
agespot_056.jpg,128,128,agespot,92,74,118,107
acne_009.jpg,128,128,acne,34,35,55,56
reddish_023.jpg,128,128,reddish,62,18,103,52
acne_005.jpg,128,128,acne,52,76,66,91
acne_006.jpg,128,128,acne,67,75,78,87
acne_008.jpg,128,128,acne,62,18,96,52
acne_022.jpg,128,128,acne,24,1,46,17
acne_006.jpg,128,128,acne,86,76,103,92
val_acne_005.jpg,128,128,acne,39,57,67,89
acne_024.jpg,128,128,acne,16,11,32,26
agespot_035.jpg,128,128,agespot,41,44,85,101
acne_011.jpg,128,128,acne,32,45,54,68
agespot_023.jpg,128,128,agespot,46,69,92,121
reddish_004.jpg,128,128,reddish,1,17,26,41
agespot_001.jpg,128,128,agespot,99,54,115,68
agespot_075.jpg,128,128,agespot,32,70,53,98
acne_055.jpg,128,128,acne,57,43,74,59
acne_018.jpg,128,128,acne,61,51,82,69
val_flakyskin_008.jpg,128,128,flaky,59,63,125,128
reddish_033.jpg,128,128,reddish,83,23,128,69
acne_038.jpg,128,128,acne,41,57,55,71
acne_060.jpg,128,128,acne,78,37,97,59
agespot_071.jpg,128,128,agespot,104,1,122,19
acne_012.jpg,128,128,acne,88,72,107,91
agespot_036.jpg,128,128,agespot,65,67,88,81
acne_019.jpg,128,128,acne,107,85,122,102
acne_008.jpg,128,128,acne,41,77,77,115
acne_045.jpg,128,128,acne,102,83,113,97
agespot_069.jpg,128,128,agespot,30,27,92,102
acne_015.jpg,128,128,acne,1,54,17,76
acne_013.jpg,128,128,acne,27,71,38,82
flakyskin_026.jpg,128,128,flaky,1,12,62,75
agespot_001.jpg,128,128,agespot,39,69,73,93
acne_014.jpg,128,128,acne,28,39,47,56
acne_031.jpg,128,128,acne,33,67,53,91
agespot_034.jpg,128,128,agespot,40,43,87,102
agespot_075.jpg,128,128,agespot,28,46,45,65
acne_066.jpg,128,128,acne,78,72,93,86
acne_057.jpg,128,128,acne,41,63,76,97
val_agespot_004.jpg,128,128,agespot,112,71,128,92
reddish_027.jpg,128,128,reddish,21,1,71,49
acne_065.jpg,128,128,acne,65,88,80,105
agespot_032.jpg,128,128,agespot,62,47,108,94
agespot_017.jpg,128,128,agespot,52,108,68,128
agespot_038.jpg,128,128,agespot,39,49,92,92
acne_023.jpg,128,128,acne,65,73,84,92
val_reddish_005.jpg,190,181,reddish,12,112,55,175
acne_009.jpg,128,128,acne,25,21,45,41
acne_013.jpg,128,128,acne,90,66,98,76
acne_042.jpg,128,128,acne,77,64,92,81
acne_006.jpg,128,128,acne,111,23,123,32
val_reddish_006.jpg,332,319,reddish,121,117,219,245
acne_045.jpg,128,128,acne,101,111,118,125
acne_024.jpg,128,128,acne,54,59,74,81
agespot_004.jpg,128,128,agespot,35,19,68,51
agespot_043.jpg,128,128,agespot,53,55,87,96
acne_001.jpg,128,128,acne,7,17,20,30
reddish_039.jpg,128,128,reddish,2,4,37,48
agespot_020.jpg,128,128,agespot,65,36,80,50
acne_028.jpg,128,128,acne,85,40,104,60
acne_037.jpg,128,128,acne,54,81,67,94
acne_026.jpg,128,128,acne,37,31,73,63
agespot_051.jpg,128,128,agespot,9,70,31,92
val_reddish_005.jpg,190,181,reddish,47,18,146,132
acne_034.jpg,128,128,acne,57,20,78,38
agespot_022.jpg,128,128,agespot,84,41,125,104
acne_008.jpg,128,128,acne,104,95,121,116
acne_046.jpg,128,128,acne,60,113,77,128
reddish_053.jpg,128,128,reddish,15,16,109,122
reddish_054.jpg,128,128,agespot,1,1,11,10
acne_064.jpg,128,128,acne,101,40,121,63
acne_036.jpg,128,128,acne,80,38,93,51
acne_044.jpg,128,128,acne,29,40,40,52
flakyskin_012.jpg,128,128,flaky,14,35,96,102
flakyskin_015.jpg,128,128,flaky,29,10,122,90
agespot_051.jpg,128,128,agespot,23,95,38,115
flakyskin_002.jpg,128,128,flaky,39,1,128,128
acne_033.jpg,128,128,acne,113,55,123,66
reddish_010.jpg,128,128,reddish,33,33,98,105
acne_020.jpg,128,128,acne,60,65,77,86
acne_030.jpg,128,128,acne,49,72,69,96
agespot_055.jpg,128,128,agespot,47,95,70,119
acne_015.jpg,128,128,acne,53,86,67,99
agespot_019.jpg,128,128,agespot,65,46,91,67
flakyskin_029.jpg,128,128,flaky,26,47,104,83
acne_062.jpg,128,128,acne,19,51,37,67
agespot_012.jpg,128,128,agespot,5,56,26,79
agespot_045.jpg,128,128,agespot,42,28,91,112
agespot_070.jpg,128,128,agespot,46,72,91,114
agespot_071.jpg,128,128,agespot,39,1,85,67
acne_055.jpg,128,128,acne,66,94,82,109
acne_013.jpg,128,128,acne,23,32,37,47
reddish_041.jpg,128,128,reddish,79,6,128,91
agespot_052.jpg,128,128,agespot,37,8,56,28
acne_035.jpg,128,128,acne,51,75,65,88
acne_013.jpg,128,128,acne,36,89,45,97
agespot_022.jpg,128,128,agespot,53,24,80,51
flakyskin_003.jpg,128,128,flaky,78,23,128,128
agespot_051.jpg,128,128,agespot,84,103,100,118
acne_059.jpg,128,128,acne,74,57,99,80
acne_041.jpg,128,128,acne,70,50,86,62
agespot_015.jpg,128,128,agespot,31,33,82,77
flakyskin_027.jpg,128,128,flaky,74,52,128,104
acne_025.jpg,128,128,acne,72,77,90,100
acne_052.jpg,128,128,acne,75,68,85,80
acne_019.jpg,128,128,acne,62,34,74,46
agespot_006.jpg,128,128,agespot,72,46,124,85
acne_024.jpg,128,128,acne,43,68,62,89
agespot_051.jpg,128,128,agespot,2,64,19,88
reddish_036.jpg,128,128,reddish,1,83,72,128
acne_046.jpg,128,128,acne,49,66,69,86
flakyskin_019.jpg,128,128,flaky,25,6,128,90
acne_034.jpg,128,128,acne,102,59,113,70
val_acne_001.jpg,128,128,acne,77,1,89,8
reddish_041.jpg,128,128,reddish,50,57,96,96
acne_034.jpg,128,128,acne,107,101,128,123
acne_006.jpg,128,128,acne,63,105,82,126
acne_053.jpg,128,128,acne,105,21,124,40
agespot_033.jpg,128,128,agespot,55,39,101,88
acne_044.jpg,128,128,acne,84,15,99,29
acne_045.jpg,128,128,acne,95,90,104,103
acne_042.jpg,128,128,acne,30,100,45,111
acne_040.jpg,128,128,acne,31,76,43,86
acne_030.jpg,128,128,acne,28,91,55,120
acne_034.jpg,128,128,acne,35,51,52,67
val_reddish_004.jpg,334,345,reddish,67,45,334,289
reddish_023.jpg,128,128,reddish,20,41,85,99
reddish_044.jpg,128,128,reddish,1,22,86,110
flakyskin_050.jpg,128,128,flaky,37,29,106,125
acne_012.jpg,128,128,acne,60,86,75,97
acne_038.jpg,128,128,acne,39,49,52,60
acne_015.jpg,128,128,acne,44,39,60,55
acne_013.jpg,128,128,acne,48,52,58,63
agespot_051.jpg,128,128,agespot,37,84,51,102
acne_002.jpg,128,128,acne,20,73,33,84
acne_041.jpg,128,128,acne,33,104,44,116
acne_007.jpg,128,128,acne,28,51,42,65
flakyskin_049.jpg,128,128,acne,73,5,90,19
acne_033.jpg,128,128,acne,91,81,105,96
agespot_055.jpg,128,128,agespot,64,12,88,52
acne_036.jpg,128,128,acne,48,26,61,42
agespot_049.jpg,128,128,agespot,55,12,93,58
reddish_049.jpg,128,128,reddish,44,48,91,96
acne_002.jpg,128,128,acne,96,71,112,87
agespot_052.jpg,128,128,agespot,42,46,65,71
agespot_022.jpg,128,128,agespot,17,7,32,21
acne_062.jpg,128,128,acne,91,100,109,115
agespot_002.jpg,128,128,agespot,104,94,118,107
agespot_051.jpg,128,128,agespot,27,88,41,102
acne_019.jpg,128,128,acne,12,70,23,81
reddish_009.jpg,128,128,reddish,42,16,79,49
acne_046.jpg,128,128,acne,66,1,79,11
val_agespot_002.jpg,128,128,agespot,35,31,59,51
agespot_009.jpg,128,128,agespot,42,20,95,87
acne_036.jpg,128,128,acne,60,14,72,24
agespot_010.jpg,128,128,agespot,41,60,93,106
acne_064.jpg,128,128,acne,71,76,86,90
agespot_067.jpg,128,128,agespot,53,30,102,73
acne_071.jpg,128,128,acne,88,42,117,69
acne_041.jpg,128,128,acne,67,95,79,110
agespot_039.jpg,128,128,agespot,58,14,79,35
agespot_036.jpg,128,128,agespot,107,66,119,82
acne_033.jpg,128,128,acne,27,73,47,90
val_agespot_004.jpg,128,128,agespot,29,41,50,62
acne_048.jpg,128,128,acne,65,54,81,72
acne_010.jpg,128,128,acne,33,66,62,95
acne_062.jpg,128,128,acne,114,37,128,53
reddish_026.jpg,128,128,reddish,41,51,93,96
agespot_022.jpg,128,128,agespot,6,39,21,52
acne_014.jpg,128,128,acne,95,90,109,103
acne_052.jpg,128,128,acne,12,22,31,40
acne_039.jpg,128,128,acne,104,69,118,84
reddish_045.jpg,128,128,reddish,56,28,124,83
acne_012.jpg,128,128,acne,74,15,88,29
acne_037.jpg,128,128,acne,77,33,86,43
reddish_047.jpg,128,128,reddish,1,9,56,92
flakyskin_049.jpg,128,128,acne,41,107,59,124
acne_003.jpg,128,128,acne,22,20,34,33
acne_054.jpg,128,128,acne,39,50,64,72
flakyskin_044.jpg,128,128,flaky,17,19,85,121
acne_064.jpg,128,128,acne,92,46,105,64
acne_004.jpg,128,128,acne,110,47,124,56
acne_020.jpg,128,128,acne,114,1,127,16
acne_005.jpg,128,128,acne,116,116,128,128
val_agespot_006.jpg,128,128,agespot,50,43,91,88
agespot_020.jpg,128,128,agespot,99,1,113,12
acne_055.jpg,128,128,acne,101,74,120,93
acne_010.jpg,128,128,acne,107,4,128,27
acne_038.jpg,128,128,acne,72,75,85,91
acne_053.jpg,128,128,acne,68,85,90,105
acne_012.jpg,128,128,acne,22,46,43,68
flakyskin_042.jpg,128,128,flaky,2,5,120,62
acne_048.jpg,128,128,acne,52,83,65,96
acne_023.jpg,128,128,acne,59,60,80,77
flakyskin_045.jpg,128,128,flaky,44,40,128,89
acne_034.jpg,128,128,acne,72,84,87,96
val_agespot_010.jpg,128,128,agespot,68,58,110,99
acne_004.jpg,128,128,acne,79,53,92,68
acne_052.jpg,128,128,acne,54,46,71,64
acne_056.jpg,128,128,acne,39,55,60,77
agespot_063.jpg,128,128,agespot,47,50,67,68
agespot_071.jpg,128,128,agespot,96,19,111,36
acne_071.jpg,128,128,acne,70,80,97,104
acne_063.jpg,128,128,acne,70,79,87,96
reddish_021.jpg,128,128,reddish,37,24,85,53
agespot_039.jpg,128,128,agespot,21,38,38,54
agespot_052.jpg,128,128,agespot,6,54,33,87
acne_004.jpg,128,128,acne,110,61,124,72
reddish_038.jpg,128,128,reddish,8,29,87,123
agespot_031.jpg,128,128,agespot,18,7,88,68
reddish_050.jpg,128,128,reddish,51,46,97,101
acne_017.jpg,128,128,acne,63,57,77,72
agespot_050.jpg,128,128,agespot,97,65,110,86
acne_016.jpg,128,128,acne,62,49,87,74
acne_012.jpg,128,128,acne,23,71,44,92
agespot_051.jpg,128,128,agespot,21,59,40,80
acne_009.jpg,128,128,acne,83,67,119,103
acne_043.jpg,128,128,acne,72,106,100,128
acne_001.jpg,128,128,acne,69,35,84,50
acne_007.jpg,128,128,acne,22,33,34,44
acne_033.jpg,128,128,acne,56,1,76,12
flakyskin_022.jpg,128,128,flaky,49,38,128,128
agespot_066.jpg,128,128,agespot,20,81,46,111
val_agespot_004.jpg,128,128,agespot,22,78,36,95
acne_006.jpg,128,128,acne,41,92,55,108
agespot_020.jpg,128,128,agespot,90,74,104,91
acne_070.jpg,128,128,acne,100,106,123,128
acne_035.jpg,128,128,acne,69,55,87,68
reddish_033.jpg,128,128,reddish,92,63,123,86
val_acne_007.jpg,128,128,acne,3,92,23,113
agespot_039.jpg,128,128,agespot,23,26,43,38
acne_041.jpg,128,128,acne,44,83,57,96
agespot_052.jpg,128,128,agespot,44,1,76,13
acne_054.jpg,128,128,acne,20,52,42,72
acne_047.jpg,128,128,acne,88,3,106,20
flakyskin_033.jpg,128,128,flaky,40,37,128,102
agespot_041.jpg,128,128,agespot,55,23,80,42
agespot_052.jpg,128,128,agespot,29,56,48,77
acne_030.jpg,128,128,acne,47,35,71,61
val_flakyskin_008.jpg,128,128,flaky,38,6,97,63
acne_013.jpg,128,128,acne,42,32,53,42
val_agespot_004.jpg,128,128,agespot,90,36,107,59
acne_046.jpg,128,128,acne,31,103,51,123
agespot_061.jpg,128,128,agespot,102,65,117,86
reddish_033.jpg,128,128,reddish,38,72,109,128
reddish_005.jpg,128,128,reddish,27,63,75,128
agespot_040.jpg,128,128,agespot,86,74,113,108
val_agespot_002.jpg,128,128,agespot,27,19,44,35
agespot_042.jpg,128,128,agespot,43,50,97,99
acne_006.jpg,128,128,acne,42,1,52,9
val_flakyskin_005.jpg,128,128,flaky,1,15,123,118
acne_024.jpg,128,128,acne,8,23,27,41
agespot_037.jpg,128,128,agespot,49,51,80,85
flakyskin_014.jpg,128,128,flaky,25,18,120,85
acne_050.jpg,128,128,acne,68,76,94,102
reddish_034.jpg,128,128,reddish,19,2,95,63
agespot_048.jpg,128,128,agespot,43,55,86,92
flakyskin_016.jpg,128,128,flaky,67,15,128,93
val_reddish_009.jpg,128,128,reddish,7,35,104,112
acne_041.jpg,128,128,acne,82,28,96,43
acne_059.jpg,128,128,acne,37,43,67,77
reddish_002.jpg,128,128,reddish,53,52,97,109
acne_014.jpg,128,128,acne,112,108,124,122
acne_040.jpg,128,128,acne,50,90,58,100
flakyskin_049.jpg,128,128,flaky,64,36,114,81
val_reddish_005.jpg,190,181,reddish,63,128,97,165
val_flakyskin_006.jpg,128,128,flaky,1,13,128,111
agespot_066.jpg,128,128,agespot,99,109,124,128
acne_062.jpg,128,128,acne,49,51,69,71
val_agespot_005.jpg,128,128,agespot,38,45,115,128
acne_004.jpg,128,128,acne,98,111,110,124
acne_037.jpg,128,128,acne,79,7,91,18
acne_012.jpg,128,128,acne,61,65,84,85
acne_020.jpg,128,128,acne,19,95,33,109
val_agespot_004.jpg,128,128,agespot,66,13,87,34
acne_023.jpg,128,128,acne,89,93,109,111
flakyskin_007.jpg,128,128,flaky,1,1,126,117
agespot_017.jpg,128,128,agespot,49,30,76,56
agespot_027.jpg,128,128,agespot,51,47,99,88
reddish_025.jpg,128,128,reddish,76,43,98,66
agespot_036.jpg,128,128,agespot,81,14,105,43
reddish_040.jpg,128,128,reddish,17,6,109,114
acne_039.jpg,128,128,acne,83,33,100,48
agespot_021.jpg,128,128,agespot,50,79,64,95
reddish_028.jpg,128,128,acne,110,101,125,117
val_flakyskin_007.jpg,128,128,flaky,17,24,119,120
acne_023.jpg,128,128,acne,36,89,52,104
acne_064.jpg,128,128,acne,79,56,95,71
val_agespot_004.jpg,128,128,agespot,51,116,66,128
agespot_046.jpg,128,128,agespot,49,40,93,93
agespot_026.jpg,128,128,agespot,38,28,115,113
val_agespot_002.jpg,128,128,agespot,101,20,121,35
flakyskin_024.jpg,128,128,flaky,4,18,122,98
reddish_032.jpg,128,128,reddish,12,39,123,128
agespot_066.jpg,128,128,agespot,1,99,27,120
acne_013.jpg,128,128,acne,37,74,44,81
acne_044.jpg,128,128,acne,84,41,102,58
flakyskin_018.jpg,128,128,flaky,28,20,128,128
val_agespot_004.jpg,128,128,agespot,61,49,80,69
acne_033.jpg,128,128,acne,18,53,34,66
val_agespot_002.jpg,128,128,agespot,85,49,99,64
acne_039.jpg,128,128,acne,112,63,124,77
val_flakyskin_002.jpg,128,128,flaky,1,1,121,124
acne_006.jpg,128,128,acne,32,25,44,37
acne_011.jpg,128,128,acne,51,74,68,90
acne_003.jpg,128,128,acne,94,106,105,118
reddish_004.jpg,128,128,reddish,23,59,93,128
acne_007.jpg,128,128,acne,73,18,89,38
agespot_072.jpg,128,128,agespot,33,36,95,91
acne_012.jpg,128,128,acne,46,55,59,69
agespot_013.jpg,128,128,agespot,52,46,80,79
reddish_022.jpg,128,128,reddish,47,25,124,109
val_agespot_003.jpg,128,128,agespot,37,36,81,73
flakyskin_027.jpg,128,128,flaky,46,6,88,92
acne_023.jpg,128,128,acne,98,80,115,97
acne_023.jpg,128,128,acne,76,53,92,67
reddish_005.jpg,128,128,reddish,92,10,128,60
acne_041.jpg,128,128,acne,60,86,74,101
acne_036.jpg,128,128,acne,72,70,82,82
acne_062.jpg,128,128,acne,48,3,64,17
acne_021.jpg,128,128,acne,104,17,120,32
reddish_036.jpg,128,128,reddish,25,41,65,72
acne_007.jpg,128,128,acne,19,25,29,34
reddish_017.jpg,128,128,reddish,28,7,76,77
acne_074.jpg,128,128,acne,19,78,48,108
acne_014.jpg,128,128,acne,107,51,124,68
flakyskin_008.jpg,128,128,flaky,6,20,128,128
flakyskin_004.jpg,128,128,flaky,13,26,124,128
agespot_030.jpg,128,128,agespot,31,58,84,113
acne_034.jpg,128,128,acne,96,71,108,86
reddish_006.jpg,128,128,reddish,23,15,119,122
agespot_039.jpg,128,128,agespot,75,59,122,96
acne_049.jpg,128,128,acne,63,73,84,95
acne_016.jpg,128,128,acne,72,78,91,95
reddish_008.jpg,128,128,reddish,57,52,102,106
reddish_011.jpg,128,128,reddish,29,25,118,120
acne_070.jpg,128,128,acne,10,58,33,84
acne_013.jpg,128,128,acne,115,95,125,105
acne_044.jpg,128,128,acne,90,93,100,102
acne_035.jpg,128,128,acne,41,59,57,73
agespot_054.jpg,128,128,agespot,47,15,99,81
agespot_017.jpg,128,128,agespot,59,71,87,101
acne_007.jpg,128,128,acne,95,74,107,88
agespot_057.jpg,128,128,agespot,52,84,94,127
acne_018.jpg,128,128,acne,89,63,103,76
acne_013.jpg,128,128,acne,21,81,31,92
acne_004.jpg,128,128,acne,80,24,96,37
agespot_052.jpg,128,128,agespot,10,34,40,61
acne_013.jpg,128,128,acne,61,34,72,46
acne_072.jpg,128,128,acne,73,59,91,79
val_agespot_010.jpg,128,128,agespot,21,21,75,104
acne_055.jpg,128,128,acne,26,70,46,87
flakyskin_032.jpg,128,128,flaky,56,42,124,109
acne_002.jpg,128,128,acne,32,38,43,49
acne_036.jpg,128,128,acne,103,57,118,68
acne_031.jpg,128,128,acne,53,56,80,85
agespot_004.jpg,128,128,agespot,61,20,96,57
agespot_043.jpg,128,128,agespot,117,63,128,82
reddish_005.jpg,128,128,reddish,78,61,128,104
agespot_020.jpg,128,128,agespot,81,79,92,90
reddish_003.jpg,128,128,reddish,39,38,90,92
agespot_022.jpg,128,128,agespot,33,18,53,38
agespot_039.jpg,128,128,agespot,42,78,61,92
val_flakyskin_003.jpg,128,128,flaky,16,87,75,118
flakyskin_005.jpg,128,128,flaky,25,47,128,128
flakyskin_045.jpg,128,128,flaky,1,50,60,122
agespot_004.jpg,128,128,agespot,83,85,120,120
acne_007.jpg,128,128,acne,86,85,100,100
agespot_041.jpg,128,128,agespot,101,28,116,42
reddish_028.jpg,128,128,acne,75,103,86,117
acne_024.jpg,128,128,acne,62,95,74,109
acne_013.jpg,128,128,acne,47,38,57,48
agespot_003.jpg,128,128,agespot,31,74,107,128
acne_015.jpg,128,128,acne,42,1,69,14
agespot_051.jpg,128,128,agespot,26,44,44,62
acne_040.jpg,128,128,acne,28,38,42,49
acne_011.jpg,128,128,acne,74,23,94,39
reddish_024.jpg,128,128,reddish,31,26,108,83
acne_068.jpg,128,128,acne,22,27,39,46
flakyskin_021.jpg,128,128,flaky,14,1,128,93
reddish_007.jpg,128,128,reddish,43,43,82,94
acne_065.jpg,128,128,acne,44,46,60,63
acne_041.jpg,128,128,acne,109,64,122,76
agespot_052.jpg,128,128,agespot,109,86,127,112
agespot_039.jpg,128,128,agespot,22,76,37,94
reddish_019.jpg,128,128,reddish,35,21,105,94
agespot_018.jpg,128,128,agespot,54,73,77,102
acne_048.jpg,128,128,acne,63,100,76,113
acne_019.jpg,128,128,acne,49,52,68,72
reddish_043.jpg,128,128,reddish,18,15,89,69
acne_005.jpg,128,128,acne,89,90,102,104
flakyskin_047.jpg,128,128,flaky,38,35,111,114
flakyskin_026.jpg,128,128,flaky,64,1,128,89
agespot_016.jpg,128,128,agespot,56,32,92,67
agespot_058.jpg,128,128,agespot,65,50,114,116
reddish_045.jpg,128,128,reddish,35,2,114,38
agespot_022.jpg,128,128,agespot,12,28,24,41
val_flakyskin_004.jpg,128,128,flaky,4,24,128,112
acne_013.jpg,128,128,acne,30,11,46,25
agespot_020.jpg,128,128,agespot,61,70,72,82
flakyskin_006.jpg,128,128,flaky,59,5,119,128
acne_007.jpg,128,128,acne,10,11,25,26
agespot_059.jpg,128,128,agespot,36,29,76,67
acne_006.jpg,128,128,acne,112,34,126,45
agespot_065.jpg,128,128,agespot,35,58,73,91
agespot_018.jpg,128,128,agespot,73,76,98,101
agespot_031.jpg,128,128,agespot,33,106,57,128
agespot_022.jpg,128,128,agespot,8,71,24,87
agespot_030.jpg,128,128,agespot,31,42,48,60
acne_051.jpg,128,128,acne,59,48,96,89
reddish_002.jpg,128,128,reddish,32,33,64,68
flakyskin_038.jpg,128,128,flaky,27,39,128,126
acne_067.jpg,128,128,acne,31,64,55,87
